datetime,price,consumption
2016-01-01 00:00:00,"23,86","9.400,3"
2016-01-01 01:00:00,"22,39","9.652,6"
2016-01-01 02:00:00,"20,59","9.357,8"
2016-01-01 03:00:00,"16,81","8.889,5"
2016-01-01 04:00:00,"17,41","10.235,5"
2016-01-01 05:00:00,"17,02","10.995,0"
2016-01-01 06:00:00,"15,86","11.448,6"
2016-01-01 07:00:00,"18,16","10.568,6"
2016-01-01 08:00:00,"17,73","9.811,5"
2016-01-01 09:00:00,"19,77","12.154,7"
2016-01-01 10:00:00,"23,75","13.051,4"
2016-01-01 11:00:00,"26,03","13.586,4"
2016-01-01 12:00:00,"27,06","12.914,5"
2016-01-01 13:00:00,"26,59","14.148,2"
2016-01-01 14:00:00,"25,00","15.336,6"
2016-01-01 15:00:00,"20,06","14.822,2"
2016-01-01 16:00:00,"19,43","15.003,9"
2016-01-01 17:00:00,"24,57","15.316,4"
2016-01-01 18:00:00,"33,11","15.363,9"
2016-01-01 19:00:00,"35,34","14.573,0"
2016-01-01 20:00:00,"33,07","14.739,5"
2016-01-01 21:00:00,"29,52","15.516,9"
2016-01-01 22:00:00,"30,10","14.269,4"
2016-01-01 23:00:00,"24,57","12.303,5"
2016-01-02 00:00:00,"22,20","11.827,9"
2016-01-02 01:00:00,"16,57","11.591,2"
2016-01-02 02:00:00,"15,35","11.749,3"
2016-01-02 03:00:00,"12,77","11.939,6"
2016-01-02 04:00:00,"11,27","12.506,6"
2016-01-02 05:00:00,"11,91","12.000,4"
2016-01-02 06:00:00,"12,62","12.143,5"
2016-01-02 07:00:00,"14,17","10.540,9"
2016-01-02 08:00:00,"17,73","11.794,8"
2016-01-02 09:00:00,"20,29","13.997,7"
2016-01-02 10:00:00,"24,30","13.998,2"
2016-01-02 11:00:00,"25,05","14.276,0"
2016-01-02 12:00:00,"29,31","13.708,7"
2016-01-02 13:00:00,"26,31","13.258,2"
2016-01-02 14:00:00,"22,63","13.466,9"
2016-01-02 15:00:00,"19,61","13.558,6"
2016-01-02 16:00:00,"20,65","14.338,9"
2016-01-02 17:00:00,"34,21","14.821,8"
2016-01-02 18:00:00,"42,23","15.200,2"
2016-01-02 19:00:00,"37,36","14.556,0"
2016-01-02 20:00:00,"32,84","13.664,8"
2016-01-02 21:00:00,"26,15","13.031,8"
2016-01-02 22:00:00,"30,62","12.231,5"
2016-01-02 23:00:00,"36,19","11.441,3"
2016-01-03 00:00:00,"19,65","11.550,9"
2016-01-03 01:00:00,"18,91","11.805,0"
2016-01-03 02:00:00,"14,64","12.647,2"
2016-01-03 03:00:00,"10,12","13.735,1"
2016-01-03 04:00:00,"7,14","12.868,7"
2016-01-03 05:00:00,"9,41","14.071,3"
2016-01-03 06:00:00,"4,14","12.864,3"
2016-01-03 07:00:00,"7,08","12.542,2"
2016-01-03 08:00:00,"11,40","11.677,6"
2016-01-03 09:00:00,"17,64","10.921,4"
2016-01-03 10:00:00,"19,99","10.474,0"
2016-01-03 11:00:00,"22,11","11.247,4"
2016-01-03 12:00:00,"22,68","11.707,0"
2016-01-03 13:00:00,"22,00","11.883,0"
2016-01-03 14:00:00,"19,89","11.653,4"
2016-01-03 15:00:00,"17,75","11.540,2"
2016-01-03 16:00:00,"18,76","12.290,2"
2016-01-03 17:00:00,"22,21","13.338,4"
2016-01-03 18:00:00,"26,76","12.549,7"
2016-01-03 19:00:00,"27,23","11.817,0"
2016-01-03 20:00:00,"25,33","11.312,6"
2016-01-03 21:00:00,"22,11","11.367,9"
2016-01-03 22:00:00,"22,57","10.751,7"
2016-01-03 23:00:00,"21,01","11.073,5"
2016-01-04 00:00:00,"13,78","10.009,0"
2016-01-04 01:00:00,"13,44","9.601,0"
2016-01-04 02:00:00,"11,46","10.310,9"
2016-01-04 03:00:00,"5,55","12.054,3"
2016-01-04 04:00:00,"5,00","12.107,0"
2016-01-04 05:00:00,"10,05","11.380,5"
2016-01-04 06:00:00,"19,11","11.178,2"
2016-01-04 07:00:00,"31,44","11.746,6"
2016-01-04 08:00:00,"36,31","15.145,3"
2016-01-04 09:00:00,"33,46","16.630,8"
2016-01-04 10:00:00,"33,24","16.845,5"
2016-01-04 11:00:00,"35,09","17.383,3"
2016-01-04 12:00:00,"35,00","16.766,9"
2016-01-04 13:00:00,"35,00","16.844,2"
2016-01-04 14:00:00,"34,94","17.038,5"
2016-01-04 15:00:00,"34,92","18.120,8"
2016-01-04 16:00:00,"38,00","18.538,0"
2016-01-04 17:00:00,"41,21","18.336,2"
2016-01-04 18:00:00,"42,95","16.880,4"
2016-01-04 19:00:00,"41,96","15.837,6"
2016-01-04 20:00:00,"34,94","14.694,3"
2016-01-04 21:00:00,"30,66","13.196,5"
2016-01-04 22:00:00,"30,00","12.795,1"
2016-01-04 23:00:00,"23,90","11.828,2"
2016-01-05 00:00:00,"25,03","10.671,7"
2016-01-05 01:00:00,"24,42","10.901,4"
2016-01-05 02:00:00,"22,34","11.491,2"
2016-01-05 03:00:00,"21,50","12.077,4"
2016-01-05 04:00:00,"20,00","13.832,1"
2016-01-05 05:00:00,"23,53","12.261,4"
2016-01-05 06:00:00,"28,96","12.308,2"
2016-01-05 07:00:00,"38,32","13.842,7"
2016-01-05 08:00:00,"41,45","15.137,5"
2016-01-05 09:00:00,"40,72","16.752,6"
2016-01-05 10:00:00,"40,66","16.750,4"
2016-01-05 11:00:00,"40,33","16.343,8"
2016-01-05 12:00:00,"38,25","15.943,4"
2016-01-05 13:00:00,"36,98","16.362,6"
2016-01-05 14:00:00,"34,91","15.756,9"
2016-01-05 15:00:00,"33,50","16.048,9"
2016-01-05 16:00:00,"35,10","16.033,9"
2016-01-05 17:00:00,"42,44","16.104,7"
2016-01-05 18:00:00,"42,94","14.747,9"
2016-01-05 19:00:00,"42,92","14.326,0"
2016-01-05 20:00:00,"38,35","13.495,8"
2016-01-05 21:00:00,"34,42","13.669,0"
2016-01-05 22:00:00,"32,99","12.148,1"
2016-01-05 23:00:00,"32,00","10.962,0"
2016-01-06 00:00:00,"26,62","10.763,9"
2016-01-06 01:00:00,"25,58","10.500,4"
2016-01-06 02:00:00,"24,59","12.144,2"
2016-01-06 03:00:00,"22,50","14.205,1"
2016-01-06 04:00:00,"23,16","13.073,7"
2016-01-06 05:00:00,"24,99","11.932,8"
2016-01-06 06:00:00,"26,62","11.971,6"
2016-01-06 07:00:00,"38,92","13.017,3"
2016-01-06 08:00:00,"41,96","13.116,1"
2016-01-06 09:00:00,"40,96","13.034,7"
2016-01-06 10:00:00,"39,13","12.926,9"
2016-01-06 11:00:00,"40,08","12.831,9"
2016-01-06 12:00:00,"40,73","12.678,1"
2016-01-06 13:00:00,"38,26","12.571,6"
2016-01-06 14:00:00,"35,44","12.944,2"
2016-01-06 15:00:00,"36,92","13.887,0"
2016-01-06 16:00:00,"41,28","14.646,8"
2016-01-06 17:00:00,"44,95","15.344,1"
2016-01-06 18:00:00,"46,90","13.638,3"
2016-01-06 19:00:00,"43,95","12.778,2"
2016-01-06 20:00:00,"39,94","12.593,1"
2016-01-06 21:00:00,"32,40","12.135,1"
2016-01-06 22:00:00,"33,51","11.256,2"
2016-01-06 23:00:00,"30,11","11.326,4"
2016-01-07 00:00:00,"26,41","11.521,7"
2016-01-07 01:00:00,"26,05","11.144,7"
2016-01-07 02:00:00,"24,93","11.059,0"
2016-01-07 03:00:00,"22,39","12.956,0"
2016-01-07 04:00:00,"22,32","13.893,9"
2016-01-07 05:00:00,"24,20","14.087,3"
2016-01-07 06:00:00,"31,00","13.159,3"
2016-01-07 07:00:00,"42,47","15.389,4"
2016-01-07 08:00:00,"42,97","16.257,6"
2016-01-07 09:00:00,"41,93","17.299,9"
2016-01-07 10:00:00,"41,62","17.983,2"
2016-01-07 11:00:00,"41,50","18.037,0"
2016-01-07 12:00:00,"40,66","17.393,9"
2016-01-07 13:00:00,"40,33","17.139,2"
2016-01-07 14:00:00,"36,51","17.304,7"
2016-01-07 15:00:00,"33,49","18.218,6"
2016-01-07 16:00:00,"34,19","18.067,4"
2016-01-07 17:00:00,"40,66","16.626,9"
2016-01-07 18:00:00,"40,80","15.099,3"
2016-01-07 19:00:00,"42,10","14.823,0"
2016-01-07 20:00:00,"36,50","13.273,2"
2016-01-07 21:00:00,"34,50","12.922,0"
2016-01-07 22:00:00,"33,49","11.953,6"
2016-01-07 23:00:00,"28,76","12.480,4"
2016-01-08 00:00:00,"24,36","9.326,2"
2016-01-08 01:00:00,"19,33","10.631,7"
2016-01-08 02:00:00,"16,10","9.486,9"
2016-01-08 03:00:00,"15,00","8.567,6"
2016-01-08 04:00:00,"15,00","8.319,0"
2016-01-08 05:00:00,"18,14","8.768,8"
2016-01-08 06:00:00,"25,21","10.289,3"
2016-01-08 07:00:00,"36,46","11.659,6"
2016-01-08 08:00:00,"39,53","11.665,0"
2016-01-08 09:00:00,"37,69","11.335,7"
2016-01-08 10:00:00,"37,66","11.297,6"
2016-01-08 11:00:00,"36,91","11.455,4"
2016-01-08 12:00:00,"36,13","10.849,6"
2016-01-08 13:00:00,"36,13","11.043,2"
2016-01-08 14:00:00,"32,99","11.755,9"
2016-01-08 15:00:00,"32,08","13.109,9"
2016-01-08 16:00:00,"37,16","14.544,3"
2016-01-08 17:00:00,"45,00","14.298,9"
2016-01-08 18:00:00,"46,97","14.207,0"
2016-01-08 19:00:00,"40,09","13.838,0"
2016-01-08 20:00:00,"34,61","11.627,9"
2016-01-08 21:00:00,"31,52","10.757,9"
2016-01-08 22:00:00,"32,50","9.888,7"
2016-01-08 23:00:00,"36,10","9.741,1"
2016-01-09 00:00:00,"31,11","8.386,5"
2016-01-09 01:00:00,"29,00","8.184,2"
2016-01-09 02:00:00,"24,30","8.163,4"
2016-01-09 03:00:00,"23,23","8.673,1"
2016-01-09 04:00:00,"21,96","10.999,3"
2016-01-09 05:00:00,"22,45","8.745,6"
2016-01-09 06:00:00,"23,07","7.974,3"
2016-01-09 07:00:00,"25,00","8.479,7"
2016-01-09 08:00:00,"32,11","8.972,4"
2016-01-09 09:00:00,"37,12","9.927,6"
2016-01-09 10:00:00,"36,13","11.733,0"
2016-01-09 11:00:00,"35,76","11.564,7"
2016-01-09 12:00:00,"34,06","10.546,3"
2016-01-09 13:00:00,"31,54","10.819,0"
2016-01-09 14:00:00,"27,92","11.760,9"
2016-01-09 15:00:00,"27,00","11.949,1"
2016-01-09 16:00:00,"30,50","11.836,4"
2016-01-09 17:00:00,"36,99","12.286,7"
2016-01-09 18:00:00,"36,80","11.419,1"
2016-01-09 19:00:00,"35,00","10.964,6"
2016-01-09 20:00:00,"29,00","10.781,6"
2016-01-09 21:00:00,"25,01","11.203,9"
2016-01-09 22:00:00,"25,10","11.267,7"
2016-01-09 23:00:00,"22,28","13.992,1"
2016-01-10 00:00:00,"15,58","10.173,8"
2016-01-10 01:00:00,"19,05","10.554,8"
2016-01-10 02:00:00,"16,96","10.560,9"
2016-01-10 03:00:00,"12,75","10.766,0"
2016-01-10 04:00:00,"10,81","11.426,6"
2016-01-10 05:00:00,"10,85","10.728,9"
2016-01-10 06:00:00,"9,85","9.703,4"
2016-01-10 07:00:00,"13,47","8.640,8"
2016-01-10 08:00:00,"16,24","8.466,1"
2016-01-10 09:00:00,"19,41","8.853,3"
2016-01-10 10:00:00,"20,12","9.827,9"
2016-01-10 11:00:00,"21,85","10.032,8"
2016-01-10 12:00:00,"22,93","10.759,9"
2016-01-10 13:00:00,"21,24","9.784,8"
2016-01-10 14:00:00,"20,53","9.771,5"
2016-01-10 15:00:00,"21,45","11.487,9"
2016-01-10 16:00:00,"23,92","12.353,0"
2016-01-10 17:00:00,"26,58","13.045,5"
2016-01-10 18:00:00,"35,00","12.895,3"
2016-01-10 19:00:00,"33,00","12.619,6"
2016-01-10 20:00:00,"30,66","11.789,0"
2016-01-10 21:00:00,"26,89","11.938,5"
2016-01-10 22:00:00,"26,93","10.963,2"
2016-01-10 23:00:00,"23,12","8.915,3"
2016-01-11 00:00:00,"21,95","10.317,6"
2016-01-11 01:00:00,"20,04","9.495,1"
2016-01-11 02:00:00,"19,78","9.534,8"
2016-01-11 03:00:00,"19,36","12.091,1"
2016-01-11 04:00:00,"19,56","12.895,9"
2016-01-11 05:00:00,"21,67","11.842,7"
2016-01-11 06:00:00,"28,50","11.439,8"
2016-01-11 07:00:00,"41,61","13.395,6"
2016-01-11 08:00:00,"45,93","14.587,4"
2016-01-11 09:00:00,"44,00","15.852,5"
2016-01-11 10:00:00,"41,94","16.253,1"
2016-01-11 11:00:00,"41,96","16.916,3"
2016-01-11 12:00:00,"37,96","16.754,4"
2016-01-11 13:00:00,"36,24","16.871,4"
2016-01-11 14:00:00,"33,57","17.350,6"
2016-01-11 15:00:00,"31,00","17.778,9"
2016-01-11 16:00:00,"32,00","18.497,9"
2016-01-11 17:00:00,"37,21","16.986,5"
2016-01-11 18:00:00,"42,88","15.595,2"
2016-01-11 19:00:00,"40,00","15.163,7"
2016-01-11 20:00:00,"33,09","13.259,1"
2016-01-11 21:00:00,"30,26","13.817,6"
2016-01-11 22:00:00,"33,18","12.659,9"
2016-01-11 23:00:00,"28,10","12.577,3"
2016-01-12 00:00:00,"21,51","10.997,4"
2016-01-12 01:00:00,"19,81","11.546,1"
2016-01-12 02:00:00,"19,10","12.117,3"
2016-01-12 03:00:00,"15,74","15.139,7"
2016-01-12 04:00:00,"13,78","16.140,5"
2016-01-12 05:00:00,"20,19","15.019,4"
2016-01-12 06:00:00,"24,38","12.720,5"
2016-01-12 07:00:00,"35,92","14.214,9"
2016-01-12 08:00:00,"40,50","17.148,5"
2016-01-12 09:00:00,"41,00","18.178,5"
2016-01-12 10:00:00,"38,66","17.783,9"
2016-01-12 11:00:00,"36,46","17.569,0"
2016-01-12 12:00:00,"35,00","17.583,6"
2016-01-12 13:00:00,"33,30","17.973,4"
2016-01-12 14:00:00,"32,21","18.040,7"
2016-01-12 15:00:00,"33,00","18.664,6"
2016-01-12 16:00:00,"36,08","19.046,5"
2016-01-12 17:00:00,"41,94","18.146,7"
2016-01-12 18:00:00,"46,99","17.432,0"
2016-01-12 19:00:00,"45,39","16.914,3"
2016-01-12 20:00:00,"38,08","15.457,6"
2016-01-12 21:00:00,"30,51","14.917,0"
2016-01-12 22:00:00,"29,93","14.125,3"
2016-01-12 23:00:00,"26,24","11.965,5"
2016-01-13 00:00:00,"21,00","10.927,6"
2016-01-13 01:00:00,"19,66","12.307,5"
2016-01-13 02:00:00,"18,13","12.777,1"
2016-01-13 03:00:00,"15,76","13.623,0"
2016-01-13 04:00:00,"18,05","13.812,0"
2016-01-13 05:00:00,"20,83","12.577,8"
2016-01-13 06:00:00,"29,88","12.600,9"
2016-01-13 07:00:00,"46,83","14.470,8"
2016-01-13 08:00:00,"47,05","16.870,4"
2016-01-13 09:00:00,"47,39","17.479,2"
2016-01-13 10:00:00,"46,82","17.799,5"
2016-01-13 11:00:00,"46,50","17.458,1"
2016-01-13 12:00:00,"45,80","17.204,9"
2016-01-13 13:00:00,"41,34","17.341,0"
2016-01-13 14:00:00,"39,02","17.585,1"
2016-01-13 15:00:00,"37,44","17.947,3"
2016-01-13 16:00:00,"39,58","18.170,5"
2016-01-13 17:00:00,"43,00","17.814,9"
2016-01-13 18:00:00,"50,07","17.084,2"
2016-01-13 19:00:00,"49,98","17.346,2"
2016-01-13 20:00:00,"41,10","15.057,3"
2016-01-13 21:00:00,"34,15","14.084,5"
2016-01-13 22:00:00,"38,09","13.446,1"
2016-01-13 23:00:00,"36,00","10.904,2"
2016-01-14 00:00:00,"26,40","11.664,3"
2016-01-14 01:00:00,"23,06","11.694,8"
2016-01-14 02:00:00,"22,22","11.648,1"
2016-01-14 03:00:00,"22,03","11.201,4"
2016-01-14 04:00:00,"22,53","11.307,9"
2016-01-14 05:00:00,"23,90","11.811,5"
2016-01-14 06:00:00,"33,18","12.898,8"
2016-01-14 07:00:00,"44,41","13.835,0"
2016-01-14 08:00:00,"46,94","15.015,8"
2016-01-14 09:00:00,"46,30","15.115,4"
2016-01-14 10:00:00,"47,51","15.023,2"
2016-01-14 11:00:00,"47,21","15.014,8"
2016-01-14 12:00:00,"48,37","14.467,3"
2016-01-14 13:00:00,"50,00","14.094,1"
2016-01-14 14:00:00,"45,70","13.583,1"
2016-01-14 15:00:00,"42,99","14.509,8"
2016-01-14 16:00:00,"42,34","14.610,1"
2016-01-14 17:00:00,"47,52","13.953,8"
2016-01-14 18:00:00,"54,10","15.132,5"
2016-01-14 19:00:00,"53,90","15.159,6"
2016-01-14 20:00:00,"47,28","14.812,6"
2016-01-14 21:00:00,"34,37","13.933,7"
2016-01-14 22:00:00,"35,51","13.734,9"
2016-01-14 23:00:00,"30,16","11.527,8"
2016-01-15 00:00:00,"35,64","10.454,4"
2016-01-15 01:00:00,"28,00","11.086,7"
2016-01-15 02:00:00,"24,36","11.297,1"
2016-01-15 03:00:00,"23,50","10.110,2"
2016-01-15 04:00:00,"22,94","11.533,9"
2016-01-15 05:00:00,"27,00","10.352,9"
2016-01-15 06:00:00,"33,40","11.327,9"
2016-01-15 07:00:00,"42,69","12.503,2"
2016-01-15 08:00:00,"47,52","12.290,2"
2016-01-15 09:00:00,"48,00","12.763,6"
2016-01-15 10:00:00,"48,00","12.751,5"
2016-01-15 11:00:00,"46,95","12.213,2"
2016-01-15 12:00:00,"44,00","12.044,8"
2016-01-15 13:00:00,"42,05","12.141,3"
2016-01-15 14:00:00,"39,99","11.996,1"
2016-01-15 15:00:00,"37,65","12.216,1"
2016-01-15 16:00:00,"38,00","12.206,4"
2016-01-15 17:00:00,"45,26","11.630,7"
2016-01-15 18:00:00,"48,04","12.393,8"
2016-01-15 19:00:00,"49,98","12.022,7"
2016-01-15 20:00:00,"46,00","11.915,9"
2016-01-15 21:00:00,"42,70","12.115,7"
2016-01-15 22:00:00,"42,10","10.745,2"
2016-01-15 23:00:00,"40,50","10.590,7"
2016-01-16 00:00:00,"32,10","12.916,2"
2016-01-16 01:00:00,"29,31","13.382,4"
2016-01-16 02:00:00,"25,58","13.175,4"
2016-01-16 03:00:00,"24,73","12.932,9"
2016-01-16 04:00:00,"24,08","12.812,6"
2016-01-16 05:00:00,"25,32","12.970,3"
2016-01-16 06:00:00,"24,77","12.627,5"
2016-01-16 07:00:00,"27,61","12.010,6"
2016-01-16 08:00:00,"33,27","12.461,6"
2016-01-16 09:00:00,"38,75","13.122,2"
2016-01-16 10:00:00,"40,35","13.813,6"
2016-01-16 11:00:00,"39,00","13.901,0"
2016-01-16 12:00:00,"37,06","13.188,2"
2016-01-16 13:00:00,"36,06","13.407,5"
2016-01-16 14:00:00,"33,32","13.906,2"
2016-01-16 15:00:00,"32,10","13.252,8"
2016-01-16 16:00:00,"34,10","12.855,2"
2016-01-16 17:00:00,"39,77","14.343,5"
2016-01-16 18:00:00,"49,50","13.706,3"
2016-01-16 19:00:00,"52,56","14.696,9"
2016-01-16 20:00:00,"44,78","13.909,1"
2016-01-16 21:00:00,"39,24","12.639,7"
2016-01-16 22:00:00,"41,95","12.763,7"
2016-01-16 23:00:00,"40,06","12.003,8"
2016-01-17 00:00:00,"37,86","10.478,0"
2016-01-17 01:00:00,"34,60","10.504,8"
2016-01-17 02:00:00,"32,12","10.478,4"
2016-01-17 03:00:00,"29,01","10.251,7"
2016-01-17 04:00:00,"24,37","10.204,0"
2016-01-17 05:00:00,"24,36","10.085,8"
2016-01-17 06:00:00,"27,64","10.080,4"
2016-01-17 07:00:00,"29,99","10.081,3"
2016-01-17 08:00:00,"32,40","9.812,1"
2016-01-17 09:00:00,"34,56","9.995,6"
2016-01-17 10:00:00,"37,06","10.417,8"
2016-01-17 11:00:00,"38,10","10.617,4"
2016-01-17 12:00:00,"38,56","10.980,2"
2016-01-17 13:00:00,"36,20","10.220,7"
2016-01-17 14:00:00,"34,88","10.587,5"
2016-01-17 15:00:00,"32,45","10.547,6"
2016-01-17 16:00:00,"31,94","11.177,7"
2016-01-17 17:00:00,"39,49","11.798,7"
2016-01-17 18:00:00,"47,84","12.317,5"
2016-01-17 19:00:00,"51,81","12.996,6"
2016-01-17 20:00:00,"46,50","11.755,9"
2016-01-17 21:00:00,"40,87","11.248,5"
2016-01-17 22:00:00,"40,63","10.854,6"
2016-01-17 23:00:00,"38,79","10.857,9"
2016-01-18 00:00:00,"38,14","11.981,5"
2016-01-18 01:00:00,"35,66","12.617,0"
2016-01-18 02:00:00,"31,92","12.830,4"
2016-01-18 03:00:00,"25,94","12.978,7"
2016-01-18 04:00:00,"23,51","12.590,6"
2016-01-18 05:00:00,"31,21","12.643,0"
2016-01-18 06:00:00,"39,30","13.518,4"
2016-01-18 07:00:00,"51,23","15.698,4"
2016-01-18 08:00:00,"49,98","15.958,1"
2016-01-18 09:00:00,"50,54","15.959,3"
2016-01-18 10:00:00,"50,50","15.968,0"
2016-01-18 11:00:00,"51,01","15.941,5"
2016-01-18 12:00:00,"50,37","15.520,7"
2016-01-18 13:00:00,"52,99","15.465,1"
2016-01-18 14:00:00,"54,20","15.515,7"
2016-01-18 15:00:00,"52,06","15.287,2"
2016-01-18 16:00:00,"49,66","15.139,9"
2016-01-18 17:00:00,"62,55","15.491,0"
2016-01-18 18:00:00,"73,07","16.068,1"
2016-01-18 19:00:00,"66,37","15.747,7"
2016-01-18 20:00:00,"55,14","14.986,2"
2016-01-18 21:00:00,"51,80","15.239,8"
2016-01-18 22:00:00,"49,98","13.690,4"
2016-01-18 23:00:00,"46,75","13.109,3"
2016-01-19 00:00:00,"39,80","13.474,9"
2016-01-19 01:00:00,"36,79","14.109,9"
2016-01-19 02:00:00,"35,87","13.971,3"
2016-01-19 03:00:00,"32,00","13.960,8"
2016-01-19 04:00:00,"31,83","13.651,5"
2016-01-19 05:00:00,"38,88","13.846,0"
2016-01-19 06:00:00,"43,47","15.786,2"
2016-01-19 07:00:00,"54,10","17.569,2"
2016-01-19 08:00:00,"65,71","16.700,1"
2016-01-19 09:00:00,"65,35","16.656,6"
2016-01-19 10:00:00,"64,54","16.599,2"
2016-01-19 11:00:00,"62,01","16.196,5"
2016-01-19 12:00:00,"58,98","16.051,2"
2016-01-19 13:00:00,"58,53","15.748,6"
2016-01-19 14:00:00,"55,81","15.698,0"
2016-01-19 15:00:00,"55,50","15.332,9"
2016-01-19 16:00:00,"56,21","15.261,6"
2016-01-19 17:00:00,"70,07","16.545,8"
2016-01-19 18:00:00,"90,08","15.289,4"
2016-01-19 19:00:00,"78,91","14.959,6"
2016-01-19 20:00:00,"60,03","17.509,4"
2016-01-19 21:00:00,"53,03","16.955,9"
2016-01-19 22:00:00,"49,74","14.767,5"
2016-01-19 23:00:00,"45,00","14.791,6"
2016-01-20 00:00:00,"42,21","12.432,0"
2016-01-20 01:00:00,"39,68","12.435,5"
2016-01-20 02:00:00,"36,64","12.145,4"
2016-01-20 03:00:00,"34,47","11.967,5"
2016-01-20 04:00:00,"33,49","11.848,2"
2016-01-20 05:00:00,"37,27","12.385,9"
2016-01-20 06:00:00,"42,04","14.143,1"
2016-01-20 07:00:00,"55,08","16.007,6"
2016-01-20 08:00:00,"61,08","15.398,1"
2016-01-20 09:00:00,"62,50","15.190,8"
2016-01-20 10:00:00,"64,64","15.372,7"
2016-01-20 11:00:00,"61,58","15.152,8"
2016-01-20 12:00:00,"58,60","14.471,1"
2016-01-20 13:00:00,"57,80","14.401,9"
2016-01-20 14:00:00,"54,95","15.415,0"
2016-01-20 15:00:00,"52,42","17.175,2"
2016-01-20 16:00:00,"72,01","13.355,6"
2016-01-20 17:00:00,"103,18","13.325,9"
2016-01-20 18:00:00,"127,65","14.022,4"
2016-01-20 19:00:00,"93,62","13.916,2"
2016-01-20 20:00:00,"67,62","13.775,1"
2016-01-20 21:00:00,"60,33","13.271,6"
2016-01-20 22:00:00,"52,32","13.054,7"
2016-01-20 23:00:00,"46,57","13.501,6"
2016-01-21 00:00:00,"41,73","13.465,3"
2016-01-21 01:00:00,"40,10","13.165,7"
2016-01-21 02:00:00,"38,53","13.137,3"
2016-01-21 03:00:00,"37,33","12.688,1"
2016-01-21 04:00:00,"36,62","12.113,4"
2016-01-21 05:00:00,"38,41","13.151,5"
2016-01-21 06:00:00,"43,91","15.097,2"
2016-01-21 07:00:00,"70,01","16.193,9"
2016-01-21 08:00:00,"86,87","16.197,3"
2016-01-21 09:00:00,"85,30","16.254,7"
2016-01-21 10:00:00,"74,94","16.293,7"
2016-01-21 11:00:00,"70,12","16.118,8"
2016-01-21 12:00:00,"59,91","16.242,8"
2016-01-21 13:00:00,"57,69","15.757,9"
2016-01-21 14:00:00,"57,99","15.558,6"
2016-01-21 15:00:00,"61,05","15.736,1"
2016-01-21 16:00:00,"57,43","15.517,1"
2016-01-21 17:00:00,"88,96","15.410,9"
2016-01-21 18:00:00,"95,95","16.511,2"
2016-01-21 19:00:00,"85,46","15.925,8"
2016-01-21 20:00:00,"60,01","15.429,4"
2016-01-21 21:00:00,"46,38","15.885,7"
2016-01-21 22:00:00,"45,82","14.463,4"
2016-01-21 23:00:00,"44,57","14.573,9"
2016-01-22 00:00:00,"40,45","13.528,3"
2016-01-22 01:00:00,"39,21","13.349,8"
2016-01-22 02:00:00,"37,48","13.293,0"
2016-01-22 03:00:00,"36,07","13.135,3"
2016-01-22 04:00:00,"34,55","13.121,6"
2016-01-22 05:00:00,"34,55","13.791,6"
2016-01-22 06:00:00,"39,80","14.898,1"
2016-01-22 07:00:00,"49,26","16.929,8"
2016-01-22 08:00:00,"52,50","18.114,2"
2016-01-22 09:00:00,"52,51","17.792,9"
2016-01-22 10:00:00,"50,37","17.915,0"
2016-01-22 11:00:00,"49,06","17.866,6"
2016-01-22 12:00:00,"50,37","17.555,3"
2016-01-22 13:00:00,"44,18","16.843,5"
2016-01-22 14:00:00,"41,00","16.010,1"
2016-01-22 15:00:00,"37,77","16.477,0"
2016-01-22 16:00:00,"37,24","16.509,9"
2016-01-22 17:00:00,"46,52","18.495,9"
2016-01-22 18:00:00,"53,10","18.628,0"
2016-01-22 19:00:00,"48,25","18.708,2"
2016-01-22 20:00:00,"41,49","17.054,1"
2016-01-22 21:00:00,"36,50","15.631,1"
2016-01-22 22:00:00,"40,62","15.785,5"
2016-01-22 23:00:00,"39,12","15.115,1"
2016-01-23 00:00:00,"33,26","13.223,4"
2016-01-23 01:00:00,"29,47","13.198,6"
2016-01-23 02:00:00,"25,07","13.215,9"
2016-01-23 03:00:00,"22,99","13.505,2"
2016-01-23 04:00:00,"22,68","14.047,1"
2016-01-23 05:00:00,"25,21","13.909,0"
2016-01-23 06:00:00,"32,16","15.047,4"
2016-01-23 07:00:00,"33,44","15.238,9"
2016-01-23 08:00:00,"34,72","15.144,9"
2016-01-23 09:00:00,"35,99","15.787,1"
2016-01-23 10:00:00,"37,00","16.389,5"
2016-01-23 11:00:00,"37,13","16.332,0"
2016-01-23 12:00:00,"39,44","15.341,6"
2016-01-23 13:00:00,"35,61","14.842,7"
2016-01-23 14:00:00,"29,88","14.934,0"
2016-01-23 15:00:00,"30,00","14.707,2"
2016-01-23 16:00:00,"29,70","16.281,3"
2016-01-23 17:00:00,"36,97","17.576,1"
2016-01-23 18:00:00,"42,60","16.427,8"
2016-01-23 19:00:00,"41,37","16.033,2"
2016-01-23 20:00:00,"37,29","15.103,3"
2016-01-23 21:00:00,"32,71","14.716,2"
2016-01-23 22:00:00,"36,96","15.052,4"
2016-01-23 23:00:00,"33,26","12.730,8"
2016-01-24 00:00:00,"36,35","13.755,0"
2016-01-24 01:00:00,"30,64","13.733,6"
2016-01-24 02:00:00,"31,26","13.693,8"
2016-01-24 03:00:00,"29,85","13.990,9"
2016-01-24 04:00:00,"25,67","14.240,2"
2016-01-24 05:00:00,"23,41","13.957,6"
2016-01-24 06:00:00,"21,41","14.464,6"
2016-01-24 07:00:00,"30,55","15.583,4"
2016-01-24 08:00:00,"32,00","15.111,2"
2016-01-24 09:00:00,"33,14","15.138,7"
2016-01-24 10:00:00,"33,98","16.082,9"
2016-01-24 11:00:00,"34,00","15.950,0"
2016-01-24 12:00:00,"34,93","15.858,6"
2016-01-24 13:00:00,"31,08","16.198,9"
2016-01-24 14:00:00,"24,84","16.698,1"
2016-01-24 15:00:00,"23,99","18.317,0"
2016-01-24 16:00:00,"25,04","18.408,4"
2016-01-24 17:00:00,"32,88","18.557,7"
2016-01-24 18:00:00,"36,09","15.845,7"
2016-01-24 19:00:00,"36,59","14.786,0"
2016-01-24 20:00:00,"36,50","15.071,2"
2016-01-24 21:00:00,"34,70","15.805,9"
2016-01-24 22:00:00,"36,26","15.859,7"
2016-01-24 23:00:00,"36,09","13.935,6"
2016-01-25 00:00:00,"33,64","11.635,0"
2016-01-25 01:00:00,"30,95","11.490,1"
2016-01-25 02:00:00,"24,99","11.982,0"
2016-01-25 03:00:00,"23,12","13.058,6"
2016-01-25 04:00:00,"20,33","13.453,7"
2016-01-25 05:00:00,"24,96","12.965,8"
2016-01-25 06:00:00,"33,34","12.752,7"
2016-01-25 07:00:00,"42,57","14.072,4"
2016-01-25 08:00:00,"42,75","15.495,6"
2016-01-25 09:00:00,"39,50","15.781,1"
2016-01-25 10:00:00,"36,62","15.699,6"
2016-01-25 11:00:00,"35,60","15.850,3"
2016-01-25 12:00:00,"34,75","15.736,2"
2016-01-25 13:00:00,"32,26","15.530,4"
2016-01-25 14:00:00,"30,61","16.188,3"
2016-01-25 15:00:00,"29,73","17.123,3"
2016-01-25 16:00:00,"31,17","17.760,1"
2016-01-25 17:00:00,"34,96","17.652,5"
2016-01-25 18:00:00,"38,47","15.406,8"
2016-01-25 19:00:00,"38,04","15.101,7"
2016-01-25 20:00:00,"33,08","13.799,4"
2016-01-25 21:00:00,"25,32","11.768,0"
2016-01-25 22:00:00,"23,93","11.074,4"
2016-01-25 23:00:00,"26,11","11.288,3"
2016-01-26 00:00:00,"25,07","11.885,6"
2016-01-26 01:00:00,"25,62","12.189,6"
2016-01-26 02:00:00,"24,95","12.423,1"
2016-01-26 03:00:00,"17,48","12.424,5"
2016-01-26 04:00:00,"18,33","12.638,0"
2016-01-26 05:00:00,"21,87","12.362,4"
2016-01-26 06:00:00,"27,09","13.715,0"
2016-01-26 07:00:00,"37,02","16.781,5"
2016-01-26 08:00:00,"43,14","16.247,0"
2016-01-26 09:00:00,"40,18","15.340,7"
2016-01-26 10:00:00,"38,03","15.452,5"
2016-01-26 11:00:00,"36,84","15.197,3"
2016-01-26 12:00:00,"36,62","15.012,2"
2016-01-26 13:00:00,"32,31","15.025,7"
2016-01-26 14:00:00,"32,15","15.621,9"
2016-01-26 15:00:00,"30,09","16.694,1"
2016-01-26 16:00:00,"30,62","17.449,7"
2016-01-26 17:00:00,"32,87","16.535,9"
2016-01-26 18:00:00,"38,98","15.603,1"
2016-01-26 19:00:00,"40,93","16.585,9"
2016-01-26 20:00:00,"30,23","14.579,5"
2016-01-26 21:00:00,"27,12","14.438,9"
2016-01-26 22:00:00,"29,08","14.217,9"
2016-01-26 23:00:00,"28,59","13.395,6"
2016-01-27 00:00:00,"24,95","14.344,5"
2016-01-27 01:00:00,"21,90","14.328,7"
2016-01-27 02:00:00,"21,19","14.313,7"
2016-01-27 03:00:00,"13,41","15.288,4"
2016-01-27 04:00:00,"12,20","15.816,8"
2016-01-27 05:00:00,"17,65","15.566,4"
2016-01-27 06:00:00,"26,79","15.587,4"
2016-01-27 07:00:00,"35,07","17.145,6"
2016-01-27 08:00:00,"36,14","18.062,0"
2016-01-27 09:00:00,"32,96","17.657,5"
2016-01-27 10:00:00,"31,66","17.527,7"
2016-01-27 11:00:00,"33,93","18.223,9"
2016-01-27 12:00:00,"30,53","17.899,4"
2016-01-27 13:00:00,"27,11","17.667,9"
2016-01-27 14:00:00,"27,06","19.035,6"
2016-01-27 15:00:00,"25,62","18.575,6"
2016-01-27 16:00:00,"26,87","19.309,0"
2016-01-27 17:00:00,"31,18","18.368,7"
2016-01-27 18:00:00,"36,59","16.666,6"
2016-01-27 19:00:00,"36,29","16.546,9"
2016-01-27 20:00:00,"27,85","14.234,7"
2016-01-27 21:00:00,"25,52","13.385,1"
2016-01-27 22:00:00,"27,21","12.857,5"
2016-01-27 23:00:00,"27,55","12.621,5"
2016-01-28 00:00:00,"16,40","12.711,1"
2016-01-28 01:00:00,"16,04","12.516,0"
2016-01-28 02:00:00,"15,11","11.476,6"
2016-01-28 03:00:00,"12,95","12.816,4"
2016-01-28 04:00:00,"13,23","14.208,7"
2016-01-28 05:00:00,"17,39","12.321,8"
2016-01-28 06:00:00,"23,41","12.132,2"
2016-01-28 07:00:00,"32,39","14.258,4"
2016-01-28 08:00:00,"34,52","13.950,9"
2016-01-28 09:00:00,"34,71","13.855,0"
2016-01-28 10:00:00,"35,90","13.977,8"
2016-01-28 11:00:00,"39,92","15.268,5"
2016-01-28 12:00:00,"38,61","13.986,2"
2016-01-28 13:00:00,"37,45","14.101,5"
2016-01-28 14:00:00,"33,40","14.242,4"
2016-01-28 15:00:00,"31,02","14.992,4"
2016-01-28 16:00:00,"33,58","16.355,5"
2016-01-28 17:00:00,"39,05","17.552,0"
2016-01-28 18:00:00,"51,78","14.869,0"
2016-01-28 19:00:00,"47,03","15.426,3"
2016-01-28 20:00:00,"35,40","14.131,3"
2016-01-28 21:00:00,"27,61","12.658,8"
2016-01-28 22:00:00,"28,06","11.758,4"
2016-01-28 23:00:00,"29,27","11.719,8"
2016-01-29 00:00:00,"32,23","13.752,6"
2016-01-29 01:00:00,"21,91","13.115,7"
2016-01-29 02:00:00,"19,06","12.392,6"
2016-01-29 03:00:00,"18,08","11.659,5"
2016-01-29 04:00:00,"16,03","12.247,8"
2016-01-29 05:00:00,"19,63","11.682,6"
2016-01-29 06:00:00,"28,27","13.873,2"
2016-01-29 07:00:00,"40,10","16.881,0"
2016-01-29 08:00:00,"36,65","17.140,6"
2016-01-29 09:00:00,"38,61","15.898,7"
2016-01-29 10:00:00,"38,52","15.630,5"
2016-01-29 11:00:00,"36,44","15.900,2"
2016-01-29 12:00:00,"32,59","15.198,6"
2016-01-29 13:00:00,"30,01","16.042,8"
2016-01-29 14:00:00,"28,62","16.949,5"
2016-01-29 15:00:00,"27,81","17.464,0"
2016-01-29 16:00:00,"26,20","17.201,7"
2016-01-29 17:00:00,"29,40","18.044,6"
2016-01-29 18:00:00,"37,74","17.851,2"
2016-01-29 19:00:00,"32,65","17.373,0"
2016-01-29 20:00:00,"27,20","15.813,6"
2016-01-29 21:00:00,"29,03","14.776,9"
2016-01-29 22:00:00,"27,11","14.852,4"
2016-01-29 23:00:00,"33,57","13.441,7"
2016-01-30 00:00:00,"22,87","11.200,1"
2016-01-30 01:00:00,"16,80","13.082,7"
2016-01-30 02:00:00,"18,67","11.989,7"
2016-01-30 03:00:00,"13,67","12.732,0"
2016-01-30 04:00:00,"8,52","13.233,5"
2016-01-30 05:00:00,"12,22","13.658,7"
2016-01-30 06:00:00,"13,69","12.275,6"
2016-01-30 07:00:00,"20,54","11.950,9"
2016-01-30 08:00:00,"17,32","11.845,4"
2016-01-30 09:00:00,"20,93","13.380,6"
2016-01-30 10:00:00,"19,42","13.470,3"
2016-01-30 11:00:00,"19,06","13.039,3"
2016-01-30 12:00:00,"19,48","12.741,3"
2016-01-30 13:00:00,"18,13","12.161,8"
2016-01-30 14:00:00,"16,85","12.023,5"
2016-01-30 15:00:00,"17,41","12.919,3"
2016-01-30 16:00:00,"17,51","13.477,6"
2016-01-30 17:00:00,"20,75","14.421,1"
2016-01-30 18:00:00,"28,19","13.315,6"
2016-01-30 19:00:00,"28,37","12.500,3"
2016-01-30 20:00:00,"20,72","11.431,2"
2016-01-30 21:00:00,"17,88","10.837,3"
2016-01-30 22:00:00,"24,62","10.863,1"
2016-01-30 23:00:00,"24,75","11.146,3"
2016-01-31 00:00:00,"16,74","11.075,9"
2016-01-31 01:00:00,"14,78","11.218,9"
2016-01-31 02:00:00,"11,46","12.097,8"
2016-01-31 03:00:00,"8,83","12.939,7"
2016-01-31 04:00:00,"4,71","11.238,2"
2016-01-31 05:00:00,"4,98","11.264,6"
2016-01-31 06:00:00,"6,68","10.458,5"
2016-01-31 07:00:00,"11,35","10.101,1"
2016-01-31 08:00:00,"15,52","12.050,6"
2016-01-31 09:00:00,"16,26","12.096,5"
2016-01-31 10:00:00,"19,13","12.455,0"
2016-01-31 11:00:00,"26,24","12.886,7"
2016-01-31 12:00:00,"19,89","11.851,4"
2016-01-31 13:00:00,"21,27","11.935,1"
2016-01-31 14:00:00,"15,53","12.726,8"
2016-01-31 15:00:00,"15,00","14.626,8"
2016-01-31 16:00:00,"16,80","15.563,0"
2016-01-31 17:00:00,"22,06","18.193,3"
2016-01-31 18:00:00,"26,28","17.424,2"
2016-01-31 19:00:00,"25,83","17.019,7"
2016-01-31 20:00:00,"22,37","16.621,3"
2016-01-31 21:00:00,"18,56","16.954,6"
2016-01-31 22:00:00,"18,79","16.334,8"
2016-01-31 23:00:00,"16,45","14.441,6"
2016-02-01 00:00:00,"16,31","12.956,8"
2016-02-01 01:00:00,"14,42","13.963,1"
2016-02-01 02:00:00,"15,07","13.701,9"
2016-02-01 03:00:00,"11,76","15.811,6"
2016-02-01 04:00:00,"4,57","16.024,4"
2016-02-01 05:00:00,"12,91","16.429,7"
2016-02-01 06:00:00,"23,93","16.031,5"
2016-02-01 07:00:00,"35,90","18.039,3"
2016-02-01 08:00:00,"37,99","17.751,7"
2016-02-01 09:00:00,"36,05","16.804,9"
2016-02-01 10:00:00,"33,34","15.528,6"
2016-02-01 11:00:00,"29,24","15.660,1"
2016-02-01 12:00:00,"28,11","15.749,2"
2016-02-01 13:00:00,"25,55","15.997,5"
2016-02-01 14:00:00,"24,25","15.287,4"
2016-02-01 15:00:00,"23,99","14.780,1"
2016-02-01 16:00:00,"19,39","14.292,4"
2016-02-01 17:00:00,"26,21","13.443,4"
2016-02-01 18:00:00,"33,53","12.582,3"
2016-02-01 19:00:00,"33,16","12.055,6"
2016-02-01 20:00:00,"28,07","11.788,1"
2016-02-01 21:00:00,"18,74","11.332,2"
2016-02-01 22:00:00,"16,69","10.757,2"
2016-02-01 23:00:00,"15,62","10.572,8"
2016-02-02 00:00:00,"14,32","11.225,4"
2016-02-02 01:00:00,"10,27","11.638,9"
2016-02-02 02:00:00,"8,71","11.893,6"
2016-02-02 03:00:00,"4,73","12.095,5"
2016-02-02 04:00:00,"4,06","12.424,4"
2016-02-02 05:00:00,"9,52","12.797,6"
2016-02-02 06:00:00,"21,12","12.627,2"
2016-02-02 07:00:00,"30,54","15.354,7"
2016-02-02 08:00:00,"31,60","15.456,7"
2016-02-02 09:00:00,"31,18","15.342,1"
2016-02-02 10:00:00,"31,79","15.415,5"
2016-02-02 11:00:00,"31,99","15.648,2"
2016-02-02 12:00:00,"31,92","14.963,4"
2016-02-02 13:00:00,"27,14","15.096,5"
2016-02-02 14:00:00,"25,37","14.629,3"
2016-02-02 15:00:00,"24,64","14.127,2"
2016-02-02 16:00:00,"25,24","14.427,2"
2016-02-02 17:00:00,"29,48","15.015,8"
2016-02-02 18:00:00,"35,96","13.783,2"
2016-02-02 19:00:00,"33,29","12.588,4"
2016-02-02 20:00:00,"27,26","12.626,9"
2016-02-02 21:00:00,"22,28","10.471,1"
2016-02-02 22:00:00,"23,27","10.083,7"
2016-02-02 23:00:00,"22,56","9.362,2"
2016-02-03 00:00:00,"16,17","9.315,1"
2016-02-03 01:00:00,"12,98","10.061,2"
2016-02-03 02:00:00,"11,69","10.107,4"
2016-02-03 03:00:00,"10,27","12.044,4"
2016-02-03 04:00:00,"10,98","13.817,2"
2016-02-03 05:00:00,"15,06","12.261,8"
2016-02-03 06:00:00,"21,41","13.506,8"
2016-02-03 07:00:00,"33,25","14.304,2"
2016-02-03 08:00:00,"35,00","14.859,4"
2016-02-03 09:00:00,"33,96","14.008,6"
2016-02-03 10:00:00,"28,24","14.241,9"
2016-02-03 11:00:00,"26,43","14.457,9"
2016-02-03 12:00:00,"24,18","14.540,3"
2016-02-03 13:00:00,"24,18","15.061,6"
2016-02-03 14:00:00,"24,42","14.610,0"
2016-02-03 15:00:00,"23,04","16.321,1"
2016-02-03 16:00:00,"26,40","16.696,9"
2016-02-03 17:00:00,"32,62","16.130,1"
2016-02-03 18:00:00,"36,69","13.722,2"
2016-02-03 19:00:00,"36,19","13.407,5"
2016-02-03 20:00:00,"30,13","12.807,2"
2016-02-03 21:00:00,"23,75","11.757,0"
2016-02-03 22:00:00,"25,42","11.157,2"
2016-02-03 23:00:00,"29,00","10.408,0"
2016-02-04 00:00:00,"18,04","10.079,4"
2016-02-04 01:00:00,"17,78","9.769,3"
2016-02-04 02:00:00,"16,52","9.775,0"
2016-02-04 03:00:00,"15,40","11.751,2"
2016-02-04 04:00:00,"14,33","12.159,9"
2016-02-04 05:00:00,"17,01","11.586,2"
2016-02-04 06:00:00,"22,43","11.884,1"
2016-02-04 07:00:00,"31,96","12.909,0"
2016-02-04 08:00:00,"31,40","12.485,0"
2016-02-04 09:00:00,"28,55","13.656,1"
2016-02-04 10:00:00,"29,19","14.729,0"
2016-02-04 11:00:00,"30,22","15.428,2"
2016-02-04 12:00:00,"27,97","16.185,2"
2016-02-04 13:00:00,"26,87","16.527,3"
2016-02-04 14:00:00,"25,85","15.859,3"
2016-02-04 15:00:00,"27,94","15.551,2"
2016-02-04 16:00:00,"27,81","16.414,1"
2016-02-04 17:00:00,"35,00","15.967,7"
2016-02-04 18:00:00,"42,18","13.945,8"
2016-02-04 19:00:00,"39,01","13.574,1"
2016-02-04 20:00:00,"32,04","13.627,3"
2016-02-04 21:00:00,"26,96","13.351,8"
2016-02-04 22:00:00,"27,83","12.816,4"
2016-02-04 23:00:00,"23,98","11.396,6"
2016-02-05 00:00:00,"24,61","10.859,3"
2016-02-05 01:00:00,"23,00","11.395,1"
2016-02-05 02:00:00,"22,22","11.507,5"
2016-02-05 03:00:00,"20,10","12.642,2"
2016-02-05 04:00:00,"21,18","12.774,5"
2016-02-05 05:00:00,"21,18","12.889,2"
2016-02-05 06:00:00,"28,32","13.676,8"
2016-02-05 07:00:00,"38,27","14.866,2"
2016-02-05 08:00:00,"38,40","14.760,9"
2016-02-05 09:00:00,"37,49","14.917,9"
2016-02-05 10:00:00,"36,50","14.860,7"
2016-02-05 11:00:00,"35,94","15.364,4"
2016-02-05 12:00:00,"34,36","15.680,3"
2016-02-05 13:00:00,"31,95","16.053,8"
2016-02-05 14:00:00,"27,74","16.105,5"
2016-02-05 15:00:00,"25,33","17.196,8"
2016-02-05 16:00:00,"24,78","17.548,8"
2016-02-05 17:00:00,"29,96","17.508,0"
2016-02-05 18:00:00,"33,09","15.367,7"
2016-02-05 19:00:00,"31,98","14.924,4"
2016-02-05 20:00:00,"27,02","12.140,0"
2016-02-05 21:00:00,"25,64","12.738,4"
2016-02-05 22:00:00,"25,95","12.329,7"
2016-02-05 23:00:00,"23,93","11.088,2"
2016-02-06 00:00:00,"18,42","12.496,2"
2016-02-06 01:00:00,"15,82","11.657,0"
2016-02-06 02:00:00,"16,13","11.337,8"
2016-02-06 03:00:00,"14,56","12.558,2"
2016-02-06 04:00:00,"14,06","13.711,3"
2016-02-06 05:00:00,"14,26","13.057,0"
2016-02-06 06:00:00,"15,20","12.040,5"
2016-02-06 07:00:00,"17,12","12.828,7"
2016-02-06 08:00:00,"19,01","14.767,5"
2016-02-06 09:00:00,"20,03","15.636,4"
2016-02-06 10:00:00,"18,53","15.251,9"
2016-02-06 11:00:00,"17,61","14.592,0"
2016-02-06 12:00:00,"17,05","13.126,2"
2016-02-06 13:00:00,"16,01","13.522,4"
2016-02-06 14:00:00,"14,34","14.204,7"
2016-02-06 15:00:00,"15,43","16.022,0"
2016-02-06 16:00:00,"17,01","17.511,7"
2016-02-06 17:00:00,"19,97","18.809,9"
2016-02-06 18:00:00,"23,15","16.901,4"
2016-02-06 19:00:00,"21,74","15.040,8"
2016-02-06 20:00:00,"16,79","14.356,8"
2016-02-06 21:00:00,"14,07","12.244,1"
2016-02-06 22:00:00,"16,10","12.212,7"
2016-02-06 23:00:00,"14,28","12.084,2"
2016-02-07 00:00:00,"8,72","12.885,8"
2016-02-07 01:00:00,"9,15","13.085,8"
2016-02-07 02:00:00,"8,48","13.121,8"
2016-02-07 03:00:00,"6,23","13.241,8"
2016-02-07 04:00:00,"5,10","13.224,1"
2016-02-07 05:00:00,"5,00","12.829,2"
2016-02-07 06:00:00,"3,04","12.346,0"
2016-02-07 07:00:00,"5,10","11.695,7"
2016-02-07 08:00:00,"8,00","11.516,9"
2016-02-07 09:00:00,"10,63","11.458,8"
2016-02-07 10:00:00,"15,71","11.797,8"
2016-02-07 11:00:00,"15,39","12.674,7"
2016-02-07 12:00:00,"16,00","14.678,2"
2016-02-07 13:00:00,"13,63","13.594,7"
2016-02-07 14:00:00,"12,40","13.280,0"
2016-02-07 15:00:00,"10,96","13.113,8"
2016-02-07 16:00:00,"13,49","12.768,4"
2016-02-07 17:00:00,"16,64","13.498,8"
2016-02-07 18:00:00,"24,48","11.951,9"
2016-02-07 19:00:00,"19,56","11.968,3"
2016-02-07 20:00:00,"49,03","17.582,8"
2016-02-07 21:00:00,"14,67","13.129,7"
2016-02-07 22:00:00,"16,72","13.140,4"
2016-02-07 23:00:00,"16,00","13.139,1"
2016-02-08 00:00:00,"10,02","15.106,1"
2016-02-08 01:00:00,"8,31","15.590,8"
2016-02-08 02:00:00,"6,48","15.874,8"
2016-02-08 03:00:00,"2,97","15.410,8"
2016-02-08 04:00:00,"3,83","15.395,8"
2016-02-08 05:00:00,"7,86","14.600,3"
2016-02-08 06:00:00,"17,19","13.773,4"
2016-02-08 07:00:00,"26,69","16.304,0"
2016-02-08 08:00:00,"27,12","15.299,0"
2016-02-08 09:00:00,"25,25","15.663,1"
2016-02-08 10:00:00,"25,58","16.068,6"
2016-02-08 11:00:00,"24,98","16.593,5"
2016-02-08 12:00:00,"24,48","16.652,9"
2016-02-08 13:00:00,"23,05","17.043,4"
2016-02-08 14:00:00,"22,58","16.863,7"
2016-02-08 15:00:00,"21,52","16.804,9"
2016-02-08 16:00:00,"20,78","16.546,4"
2016-02-08 17:00:00,"25,42","16.613,1"
2016-02-08 18:00:00,"33,28","15.470,9"
2016-02-08 19:00:00,"29,83","15.041,6"
2016-02-08 20:00:00,"23,68","16.349,0"
2016-02-08 21:00:00,"19,98","14.695,2"
2016-02-08 22:00:00,"19,89","12.565,3"
2016-02-08 23:00:00,"17,95","12.814,9"
2016-02-09 00:00:00,"19,70","13.807,6"
2016-02-09 01:00:00,"15,00","13.674,9"
2016-02-09 02:00:00,"12,50","14.113,7"
2016-02-09 03:00:00,"6,04","15.740,7"
2016-02-09 04:00:00,"7,20","15.573,6"
2016-02-09 05:00:00,"12,40","14.634,2"
2016-02-09 06:00:00,"18,50","12.848,1"
2016-02-09 07:00:00,"28,26","14.993,8"
2016-02-09 08:00:00,"30,10","13.807,3"
2016-02-09 09:00:00,"30,10","13.193,7"
2016-02-09 10:00:00,"26,50","13.916,6"
2016-02-09 11:00:00,"28,16","13.652,5"
2016-02-09 12:00:00,"27,03","13.815,8"
2016-02-09 13:00:00,"28,69","15.136,8"
2016-02-09 14:00:00,"27,44","15.023,7"
2016-02-09 15:00:00,"26,97","15.158,0"
2016-02-09 16:00:00,"27,24","13.997,7"
2016-02-09 17:00:00,"31,01","13.859,4"
2016-02-09 18:00:00,"39,98","11.857,8"
2016-02-09 19:00:00,"34,06","11.592,9"
2016-02-09 20:00:00,"30,10","12.319,3"
2016-02-09 21:00:00,"26,00","12.414,3"
2016-02-09 22:00:00,"24,74","11.087,4"
2016-02-09 23:00:00,"25,00","11.821,5"
2016-02-10 00:00:00,"17,75","12.133,0"
2016-02-10 01:00:00,"14,28","12.218,5"
2016-02-10 02:00:00,"13,85","12.570,2"
2016-02-10 03:00:00,"14,00","13.909,8"
2016-02-10 04:00:00,"14,75","14.601,9"
2016-02-10 05:00:00,"16,20","13.353,6"
2016-02-10 06:00:00,"22,80","13.838,8"
2016-02-10 07:00:00,"30,59","13.649,0"
2016-02-10 08:00:00,"32,05","13.513,5"
2016-02-10 09:00:00,"33,30","13.841,1"
2016-02-10 10:00:00,"33,15","13.845,8"
2016-02-10 11:00:00,"32,26","14.293,7"
2016-02-10 12:00:00,"30,35","14.561,4"
2016-02-10 13:00:00,"27,74","14.410,2"
2016-02-10 14:00:00,"27,44","13.318,3"
2016-02-10 15:00:00,"27,77","12.865,2"
2016-02-10 16:00:00,"28,68","12.793,9"
2016-02-10 17:00:00,"32,10","12.373,4"
2016-02-10 18:00:00,"39,24","12.688,6"
2016-02-10 19:00:00,"41,91","12.230,2"
2016-02-10 20:00:00,"39,43","13.082,8"
2016-02-10 21:00:00,"34,19","13.074,3"
2016-02-10 22:00:00,"32,10","11.152,5"
2016-02-10 23:00:00,"28,30","11.453,2"
2016-02-11 00:00:00,"23,82","10.266,0"
2016-02-11 01:00:00,"21,48","9.843,3"
2016-02-11 02:00:00,"21,00","9.857,0"
2016-02-11 03:00:00,"19,94","9.486,2"
2016-02-11 04:00:00,"18,60","9.765,3"
2016-02-11 05:00:00,"21,79","9.410,7"
2016-02-11 06:00:00,"28,63","10.161,0"
2016-02-11 07:00:00,"37,20","12.611,9"
2016-02-11 08:00:00,"43,83","11.198,7"
2016-02-11 09:00:00,"43,79","11.734,9"
2016-02-11 10:00:00,"41,55","11.895,2"
2016-02-11 11:00:00,"37,00","12.349,5"
2016-02-11 12:00:00,"32,07","12.465,9"
2016-02-11 13:00:00,"34,49","12.761,4"
2016-02-11 14:00:00,"34,69","12.332,5"
2016-02-11 15:00:00,"30,00","11.969,5"
2016-02-11 16:00:00,"32,10","12.067,0"
2016-02-11 17:00:00,"36,00","11.329,2"
2016-02-11 18:00:00,"41,02","11.361,1"
2016-02-11 19:00:00,"42,00","11.423,5"
2016-02-11 20:00:00,"37,20","14.239,3"
2016-02-11 21:00:00,"32,54","12.666,9"
2016-02-11 22:00:00,"30,33","11.273,0"
2016-02-11 23:00:00,"26,10","12.052,8"
2016-02-12 00:00:00,"22,81","9.626,6"
2016-02-12 01:00:00,"21,59","9.494,4"
2016-02-12 02:00:00,"21,30","9.427,9"
2016-02-12 03:00:00,"19,86","10.492,7"
2016-02-12 04:00:00,"20,69","11.415,9"
2016-02-12 05:00:00,"21,64","10.897,8"
2016-02-12 06:00:00,"27,18","12.877,4"
2016-02-12 07:00:00,"36,43","15.534,2"
2016-02-12 08:00:00,"37,30","14.829,6"
2016-02-12 09:00:00,"34,97","14.718,9"
2016-02-12 10:00:00,"34,70","15.166,8"
2016-02-12 11:00:00,"33,48","15.782,6"
2016-02-12 12:00:00,"30,00","16.078,6"
2016-02-12 13:00:00,"26,93","16.243,5"
2016-02-12 14:00:00,"25,62","15.779,1"
2016-02-12 15:00:00,"25,00","15.343,7"
2016-02-12 16:00:00,"27,18","14.844,6"
2016-02-12 17:00:00,"34,56","16.489,1"
2016-02-12 18:00:00,"40,36","13.626,3"
2016-02-12 19:00:00,"35,56","12.817,5"
2016-02-12 20:00:00,"29,96","12.841,7"
2016-02-12 21:00:00,"26,45","11.635,0"
2016-02-12 22:00:00,"27,18","9.957,0"
2016-02-12 23:00:00,"26,09","10.139,7"
2016-02-13 00:00:00,"22,23","12.255,9"
2016-02-13 01:00:00,"21,10","11.823,3"
2016-02-13 02:00:00,"20,21","11.755,2"
2016-02-13 03:00:00,"19,94","12.609,1"
2016-02-13 04:00:00,"19,90","13.801,0"
2016-02-13 05:00:00,"19,98","14.007,1"
2016-02-13 06:00:00,"19,90","12.348,3"
2016-02-13 07:00:00,"21,48","13.572,7"
2016-02-13 08:00:00,"28,38","16.168,3"
2016-02-13 09:00:00,"30,36","16.402,3"
2016-02-13 10:00:00,"30,09","16.724,6"
2016-02-13 11:00:00,"29,84","16.840,7"
2016-02-13 12:00:00,"26,75","15.614,5"
2016-02-13 13:00:00,"23,93","14.749,5"
2016-02-13 14:00:00,"21,37","14.652,9"
2016-02-13 15:00:00,"21,15","15.475,5"
2016-02-13 16:00:00,"20,96","16.583,8"
2016-02-13 17:00:00,"24,69","18.324,4"
2016-02-13 18:00:00,"30,10","16.880,0"
2016-02-13 19:00:00,"26,02","15.131,2"
2016-02-13 20:00:00,"21,46","15.038,8"
2016-02-13 21:00:00,"19,76","14.426,5"
2016-02-13 22:00:00,"20,33","13.217,4"
2016-02-13 23:00:00,"19,59","11.680,7"
2016-02-14 00:00:00,"13,06","11.084,7"
2016-02-14 01:00:00,"12,17","10.531,9"
2016-02-14 02:00:00,"8,81","10.061,9"
2016-02-14 03:00:00,"6,74","11.216,6"
2016-02-14 04:00:00,"6,41","12.092,0"
2016-02-14 05:00:00,"6,78","11.426,7"
2016-02-14 06:00:00,"7,28","10.556,7"
2016-02-14 07:00:00,"10,10","11.379,9"
2016-02-14 08:00:00,"12,47","9.942,3"
2016-02-14 09:00:00,"16,32","10.758,6"
2016-02-14 10:00:00,"17,59","11.401,8"
2016-02-14 11:00:00,"18,01","11.825,7"
2016-02-14 12:00:00,"18,40","11.431,6"
2016-02-14 13:00:00,"17,87","11.477,9"
2016-02-14 14:00:00,"16,62","11.773,5"
2016-02-14 15:00:00,"15,13","12.487,9"
2016-02-14 16:00:00,"16,96","13.217,8"
2016-02-14 17:00:00,"21,21","14.446,4"
2016-02-14 18:00:00,"29,94","14.591,7"
2016-02-14 19:00:00,"30,38","12.934,1"
2016-02-14 20:00:00,"25,33","12.588,6"
2016-02-14 21:00:00,"20,21","11.917,2"
2016-02-14 22:00:00,"20,33","11.636,7"
2016-02-14 23:00:00,"17,86","12.187,0"
2016-02-15 00:00:00,"16,57","11.039,5"
2016-02-15 01:00:00,"16,00","9.970,5"
2016-02-15 02:00:00,"14,55","9.881,7"
2016-02-15 03:00:00,"13,14","10.199,9"
2016-02-15 04:00:00,"12,68","10.384,4"
2016-02-15 05:00:00,"14,65","10.290,2"
2016-02-15 06:00:00,"25,38","10.992,7"
2016-02-15 07:00:00,"36,20","12.487,4"
2016-02-15 08:00:00,"30,11","10.933,4"
2016-02-15 09:00:00,"34,82","11.560,1"
2016-02-15 10:00:00,"30,91","12.038,5"
2016-02-15 11:00:00,"29,93","12.676,7"
2016-02-15 12:00:00,"27,22","13.639,8"
2016-02-15 13:00:00,"25,39","13.994,5"
2016-02-15 14:00:00,"24,81","13.591,8"
2016-02-15 15:00:00,"24,40","13.255,7"
2016-02-15 16:00:00,"24,93","12.545,8"
2016-02-15 17:00:00,"28,45","12.972,6"
2016-02-15 18:00:00,"38,23","11.810,6"
2016-02-15 19:00:00,"40,13","12.473,9"
2016-02-15 20:00:00,"36,37","12.919,8"
2016-02-15 21:00:00,"30,00","12.821,0"
2016-02-15 22:00:00,"25,87","12.295,2"
2016-02-15 23:00:00,"25,97","12.692,3"
2016-02-16 00:00:00,"25,99","13.134,7"
2016-02-16 01:00:00,"23,65","12.875,6"
2016-02-16 02:00:00,"22,91","12.841,0"
2016-02-16 03:00:00,"22,04","11.209,7"
2016-02-16 04:00:00,"21,83","11.226,2"
2016-02-16 05:00:00,"22,74","11.899,1"
2016-02-16 06:00:00,"29,39","12.502,9"
2016-02-16 07:00:00,"40,43","13.420,5"
2016-02-16 08:00:00,"42,46","11.289,4"
2016-02-16 09:00:00,"42,42","11.553,7"
2016-02-16 10:00:00,"37,91","11.692,0"
2016-02-16 11:00:00,"35,72","12.410,1"
2016-02-16 12:00:00,"34,12","13.272,6"
2016-02-16 13:00:00,"32,77","12.203,7"
2016-02-16 14:00:00,"31,70","11.875,5"
2016-02-16 15:00:00,"32,09","11.829,9"
2016-02-16 16:00:00,"34,88","12.703,7"
2016-02-16 17:00:00,"39,81","12.312,6"
2016-02-16 18:00:00,"53,46","11.313,0"
2016-02-16 19:00:00,"52,21","11.452,5"
2016-02-16 20:00:00,"46,53","13.040,0"
2016-02-16 21:00:00,"39,80","13.094,0"
2016-02-16 22:00:00,"38,92","11.996,7"
2016-02-16 23:00:00,"35,24","11.850,5"
2016-02-17 00:00:00,"32,45","9.958,1"
2016-02-17 01:00:00,"31,27","9.958,8"
2016-02-17 02:00:00,"29,72","9.896,9"
2016-02-17 03:00:00,"27,44","9.698,5"
2016-02-17 04:00:00,"26,62","9.698,3"
2016-02-17 05:00:00,"28,00","9.710,1"
2016-02-17 06:00:00,"36,10","10.110,3"
2016-02-17 07:00:00,"42,69","11.735,1"
2016-02-17 08:00:00,"44,69","10.435,4"
2016-02-17 09:00:00,"47,33","10.648,4"
2016-02-17 10:00:00,"46,25","10.541,1"
2016-02-17 11:00:00,"42,60","11.035,7"
2016-02-17 12:00:00,"40,00","11.529,4"
2016-02-17 13:00:00,"39,98","12.293,4"
2016-02-17 14:00:00,"40,00","11.478,2"
2016-02-17 15:00:00,"38,02","11.308,7"
2016-02-17 16:00:00,"38,58","10.494,9"
2016-02-17 17:00:00,"41,44","10.686,7"
2016-02-17 18:00:00,"60,13","10.712,0"
2016-02-17 19:00:00,"55,76","11.447,1"
2016-02-17 20:00:00,"45,44","11.533,9"
2016-02-17 21:00:00,"40,00","11.619,4"
2016-02-17 22:00:00,"37,08","9.831,5"
2016-02-17 23:00:00,"35,06","10.066,5"
2016-02-18 00:00:00,"29,00","8.676,9"
2016-02-18 01:00:00,"25,05","8.734,5"
2016-02-18 02:00:00,"26,18","9.006,5"
2016-02-18 03:00:00,"21,03","8.915,6"
2016-02-18 04:00:00,"19,89","8.497,2"
2016-02-18 05:00:00,"21,97","9.215,4"
2016-02-18 06:00:00,"31,92","10.274,7"
2016-02-18 07:00:00,"42,99","11.223,5"
2016-02-18 08:00:00,"45,47","9.640,6"
2016-02-18 09:00:00,"47,15","9.788,8"
2016-02-18 10:00:00,"46,00","9.510,4"
2016-02-18 11:00:00,"42,99","9.260,6"
2016-02-18 12:00:00,"39,62","9.837,1"
2016-02-18 13:00:00,"37,99","9.574,9"
2016-02-18 14:00:00,"37,99","8.934,2"
2016-02-18 15:00:00,"37,20","8.611,0"
2016-02-18 16:00:00,"38,98","8.606,0"
2016-02-18 17:00:00,"40,70","8.866,9"
2016-02-18 18:00:00,"53,17","9.074,7"
2016-02-18 19:00:00,"49,89","9.551,1"
2016-02-18 20:00:00,"45,00","10.338,6"
2016-02-18 21:00:00,"39,00","12.296,9"
2016-02-18 22:00:00,"35,77","11.076,8"
2016-02-18 23:00:00,"34,09","10.560,1"
2016-02-19 00:00:00,"30,79","11.642,5"
2016-02-19 01:00:00,"26,69","11.260,2"
2016-02-19 02:00:00,"26,00","10.615,1"
2016-02-19 03:00:00,"22,19","10.209,4"
2016-02-19 04:00:00,"22,37","10.203,3"
2016-02-19 05:00:00,"26,83","11.142,9"
2016-02-19 06:00:00,"32,30","11.986,5"
2016-02-19 07:00:00,"42,99","14.377,5"
2016-02-19 08:00:00,"45,25","13.099,5"
2016-02-19 09:00:00,"45,50","14.028,2"
2016-02-19 10:00:00,"43,97","13.669,0"
2016-02-19 11:00:00,"41,67","13.982,4"
2016-02-19 12:00:00,"37,74","12.941,6"
2016-02-19 13:00:00,"36,35","13.454,4"
2016-02-19 14:00:00,"33,68","13.150,8"
2016-02-19 15:00:00,"29,25","13.710,4"
2016-02-19 16:00:00,"26,55","14.323,5"
2016-02-19 17:00:00,"30,04","14.954,2"
2016-02-19 18:00:00,"42,35","13.686,5"
2016-02-19 19:00:00,"42,29","14.454,7"
2016-02-19 20:00:00,"30,09","15.826,9"
2016-02-19 21:00:00,"28,30","14.401,3"
2016-02-19 22:00:00,"28,71","13.635,7"
2016-02-19 23:00:00,"27,71","12.725,4"
2016-02-20 00:00:00,"18,30","11.706,2"
2016-02-20 01:00:00,"17,06","11.598,7"
2016-02-20 02:00:00,"18,04","11.346,9"
2016-02-20 03:00:00,"15,56","11.273,2"
2016-02-20 04:00:00,"12,73","11.355,3"
2016-02-20 05:00:00,"13,01","11.229,8"
2016-02-20 06:00:00,"15,81","11.393,1"
2016-02-20 07:00:00,"18,82","14.354,1"
2016-02-20 08:00:00,"19,40","14.188,6"
2016-02-20 09:00:00,"22,25","14.586,6"
2016-02-20 10:00:00,"23,00","15.039,1"
2016-02-20 11:00:00,"22,31","15.065,2"
2016-02-20 12:00:00,"23,32","14.326,1"
2016-02-20 13:00:00,"21,57","14.670,5"
2016-02-20 14:00:00,"20,01","13.767,9"
2016-02-20 15:00:00,"18,34","13.454,5"
2016-02-20 16:00:00,"17,80","14.476,6"
2016-02-20 17:00:00,"20,12","14.906,3"
2016-02-20 18:00:00,"24,64","14.397,6"
2016-02-20 19:00:00,"24,18","13.013,5"
2016-02-20 20:00:00,"20,20","12.050,7"
2016-02-20 21:00:00,"17,49","11.674,0"
2016-02-20 22:00:00,"20,18","11.761,5"
2016-02-20 23:00:00,"21,11","11.606,9"
2016-02-21 00:00:00,"16,00","11.905,4"
2016-02-21 01:00:00,"14,96","11.094,1"
2016-02-21 02:00:00,"13,05","11.554,6"
2016-02-21 03:00:00,"7,60","11.950,2"
2016-02-21 04:00:00,"5,95","11.976,6"
2016-02-21 05:00:00,"6,75","12.086,5"
2016-02-21 06:00:00,"7,13","11.540,7"
2016-02-21 07:00:00,"5,21","10.729,0"
2016-02-21 08:00:00,"7,68","11.598,9"
2016-02-21 09:00:00,"12,03","10.998,7"
2016-02-21 10:00:00,"13,89","11.562,2"
2016-02-21 11:00:00,"15,38","13.683,7"
2016-02-21 12:00:00,"15,36","13.655,6"
2016-02-21 13:00:00,"11,72","13.041,0"
2016-02-21 14:00:00,"7,75","14.768,6"
2016-02-21 15:00:00,"7,13","15.705,0"
2016-02-21 16:00:00,"9,15","15.358,6"
2016-02-21 17:00:00,"14,34","15.336,5"
2016-02-21 18:00:00,"18,86","12.751,2"
2016-02-21 19:00:00,"22,78","12.291,0"
2016-02-21 20:00:00,"19,08","12.119,1"
2016-02-21 21:00:00,"17,37","11.589,8"
2016-02-21 22:00:00,"17,51","11.240,5"
2016-02-21 23:00:00,"18,36","10.876,9"
2016-02-22 00:00:00,"7,72","10.691,7"
2016-02-22 01:00:00,"8,35","10.550,8"
2016-02-22 02:00:00,"6,29","10.590,3"
2016-02-22 03:00:00,"3,23","10.670,9"
2016-02-22 04:00:00,"3,73","10.617,8"
2016-02-22 05:00:00,"8,09","10.945,4"
2016-02-22 06:00:00,"18,05","12.827,8"
2016-02-22 07:00:00,"26,38","13.205,3"
2016-02-22 08:00:00,"27,92","14.173,4"
2016-02-22 09:00:00,"29,31","14.831,1"
2016-02-22 10:00:00,"28,94","15.152,4"
2016-02-22 11:00:00,"27,39","16.004,3"
2016-02-22 12:00:00,"25,30","14.663,2"
2016-02-22 13:00:00,"24,52","15.200,6"
2016-02-22 14:00:00,"23,98","15.934,3"
2016-02-22 15:00:00,"23,91","17.449,2"
2016-02-22 16:00:00,"23,92","18.999,9"
2016-02-22 17:00:00,"27,93","19.666,9"
2016-02-22 18:00:00,"40,13","16.436,6"
2016-02-22 19:00:00,"39,45","16.147,2"
2016-02-22 20:00:00,"29,37","16.031,5"
2016-02-22 21:00:00,"24,69","14.877,0"
2016-02-22 22:00:00,"25,08","13.731,0"
2016-02-22 23:00:00,"21,72","12.088,2"
2016-02-23 00:00:00,"27,45","10.919,6"
2016-02-23 01:00:00,"22,36","11.749,2"
2016-02-23 02:00:00,"21,12","11.509,3"
2016-02-23 03:00:00,"17,47","13.264,7"
2016-02-23 04:00:00,"17,83","13.911,4"
2016-02-23 05:00:00,"20,96","12.532,1"
2016-02-23 06:00:00,"27,32","14.022,0"
2016-02-23 07:00:00,"34,67","15.935,0"
2016-02-23 08:00:00,"37,80","15.463,2"
2016-02-23 09:00:00,"37,01","15.607,6"
2016-02-23 10:00:00,"36,50","15.512,2"
2016-02-23 11:00:00,"32,98","15.713,1"
2016-02-23 12:00:00,"35,15","13.950,6"
2016-02-23 13:00:00,"33,83","14.423,4"
2016-02-23 14:00:00,"32,52","14.851,5"
2016-02-23 15:00:00,"32,50","15.004,8"
2016-02-23 16:00:00,"32,50","14.898,5"
2016-02-23 17:00:00,"30,08","14.637,6"
2016-02-23 18:00:00,"36,75","12.268,3"
2016-02-23 19:00:00,"42,30","12.880,2"
2016-02-23 20:00:00,"33,75","13.438,0"
2016-02-23 21:00:00,"24,60","11.423,6"
2016-02-23 22:00:00,"29,08","12.098,3"
2016-02-23 23:00:00,"28,46","11.327,3"
2016-02-24 00:00:00,"23,99","10.504,7"
2016-02-24 01:00:00,"22,80","10.120,7"
2016-02-24 02:00:00,"22,17","9.892,3"
2016-02-24 03:00:00,"18,30","10.111,1"
2016-02-24 04:00:00,"17,82","10.833,7"
2016-02-24 05:00:00,"20,76","10.548,0"
2016-02-24 06:00:00,"24,39","10.606,1"
2016-02-24 07:00:00,"33,69","11.643,6"
2016-02-24 08:00:00,"35,06","11.139,4"
2016-02-24 09:00:00,"35,97","11.845,4"
2016-02-24 10:00:00,"30,59","10.952,8"
2016-02-24 11:00:00,"33,84","10.576,7"
2016-02-24 12:00:00,"30,98","10.167,4"
2016-02-24 13:00:00,"28,28","9.991,4"
2016-02-24 14:00:00,"26,18","10.262,4"
2016-02-24 15:00:00,"24,00","10.753,1"
2016-02-24 16:00:00,"27,75","12.111,9"
2016-02-24 17:00:00,"32,50","12.399,1"
2016-02-24 18:00:00,"40,00","10.156,3"
2016-02-24 19:00:00,"45,02","10.594,8"
2016-02-24 20:00:00,"38,95","13.897,8"
2016-02-24 21:00:00,"35,51","12.388,2"
2016-02-24 22:00:00,"32,79","11.182,4"
2016-02-24 23:00:00,"30,17","9.302,3"
2016-02-25 00:00:00,"24,04","10.112,4"
2016-02-25 01:00:00,"22,58","10.074,6"
2016-02-25 02:00:00,"21,26","9.963,5"
2016-02-25 03:00:00,"20,09","10.798,6"
2016-02-25 04:00:00,"19,94","11.232,1"
2016-02-25 05:00:00,"21,70","10.138,7"
2016-02-25 06:00:00,"27,19","10.990,2"
2016-02-25 07:00:00,"36,04","12.636,1"
2016-02-25 08:00:00,"38,29","11.658,1"
2016-02-25 09:00:00,"34,44","11.683,8"
2016-02-25 10:00:00,"32,12","11.537,7"
2016-02-25 11:00:00,"30,44","11.469,2"
2016-02-25 12:00:00,"30,07","10.786,7"
2016-02-25 13:00:00,"27,59","11.001,2"
2016-02-25 14:00:00,"25,00","11.264,4"
2016-02-25 15:00:00,"24,78","11.349,2"
2016-02-25 16:00:00,"25,39","12.262,0"
2016-02-25 17:00:00,"31,16","12.611,9"
2016-02-25 18:00:00,"39,91","10.728,3"
2016-02-25 19:00:00,"47,00","10.945,6"
2016-02-25 20:00:00,"40,70","11.844,6"
2016-02-25 21:00:00,"31,65","12.354,9"
2016-02-25 22:00:00,"31,00","10.604,9"
2016-02-25 23:00:00,"27,09","10.253,1"
2016-02-26 00:00:00,"25,44","9.369,0"
2016-02-26 01:00:00,"23,00","9.423,2"
2016-02-26 02:00:00,"21,11","9.328,3"
2016-02-26 03:00:00,"20,00","9.375,6"
2016-02-26 04:00:00,"21,02","9.324,7"
2016-02-26 05:00:00,"22,07","9.766,0"
2016-02-26 06:00:00,"27,35","10.488,8"
2016-02-26 07:00:00,"32,93","11.741,8"
2016-02-26 08:00:00,"36,08","12.097,8"
2016-02-26 09:00:00,"33,48","12.598,8"
2016-02-26 10:00:00,"32,60","12.747,3"
2016-02-26 11:00:00,"29,50","12.054,2"
2016-02-26 12:00:00,"27,57","12.399,4"
2016-02-26 13:00:00,"25,06","12.271,4"
2016-02-26 14:00:00,"24,00","11.643,5"
2016-02-26 15:00:00,"25,11","12.025,5"
2016-02-26 16:00:00,"26,94","13.686,3"
2016-02-26 17:00:00,"33,98","15.001,8"
2016-02-26 18:00:00,"39,94","12.933,2"
2016-02-26 19:00:00,"37,55","12.641,5"
2016-02-26 20:00:00,"31,18","13.515,9"
2016-02-26 21:00:00,"26,35","11.304,7"
2016-02-26 22:00:00,"26,86","10.144,4"
2016-02-26 23:00:00,"25,00","10.200,1"
2016-02-27 00:00:00,"26,94","11.540,0"
2016-02-27 01:00:00,"23,02","11.529,6"
2016-02-27 02:00:00,"21,77","11.324,5"
2016-02-27 03:00:00,"19,76","11.230,9"
2016-02-27 04:00:00,"19,83","11.366,4"
2016-02-27 05:00:00,"20,16","11.288,1"
2016-02-27 06:00:00,"21,18","11.569,1"
2016-02-27 07:00:00,"22,76","11.989,6"
2016-02-27 08:00:00,"25,71","12.421,5"
2016-02-27 09:00:00,"26,79","12.912,5"
2016-02-27 10:00:00,"23,83","12.843,0"
2016-02-27 11:00:00,"21,90","12.759,8"
2016-02-27 12:00:00,"22,03","12.741,3"
2016-02-27 13:00:00,"19,65","12.224,5"
2016-02-27 14:00:00,"19,68","11.637,0"
2016-02-27 15:00:00,"19,93","11.253,1"
2016-02-27 16:00:00,"20,21","12.706,8"
2016-02-27 17:00:00,"24,97","14.158,5"
2016-02-27 18:00:00,"32,04","13.479,3"
2016-02-27 19:00:00,"31,91","12.805,6"
2016-02-27 20:00:00,"25,72","12.156,0"
2016-02-27 21:00:00,"21,74","11.351,6"
2016-02-27 22:00:00,"23,10","11.292,5"
2016-02-27 23:00:00,"23,40","11.434,3"
2016-02-28 00:00:00,"19,90","10.475,8"
2016-02-28 01:00:00,"18,39","10.015,5"
2016-02-28 02:00:00,"18,01","10.065,6"
2016-02-28 03:00:00,"17,62","10.207,3"
2016-02-28 04:00:00,"17,31","11.378,7"
2016-02-28 05:00:00,"17,46","11.671,9"
2016-02-28 06:00:00,"17,51","11.815,8"
2016-02-28 07:00:00,"17,58","11.830,5"
2016-02-28 08:00:00,"17,90","11.491,9"
2016-02-28 09:00:00,"19,02","10.878,8"
2016-02-28 10:00:00,"19,01","11.278,4"
2016-02-28 11:00:00,"19,02","12.727,1"
2016-02-28 12:00:00,"16,60","12.207,5"
2016-02-28 13:00:00,"14,06","11.786,1"
2016-02-28 14:00:00,"12,45","10.930,1"
2016-02-28 15:00:00,"12,21","12.317,9"
2016-02-28 16:00:00,"13,26","13.244,8"
2016-02-28 17:00:00,"19,11","13.511,8"
2016-02-28 18:00:00,"24,60","13.127,3"
2016-02-28 19:00:00,"26,98","12.168,2"
2016-02-28 20:00:00,"21,81","11.801,9"
2016-02-28 21:00:00,"20,03","11.169,3"
2016-02-28 22:00:00,"20,44","10.981,7"
2016-02-28 23:00:00,"20,19","12.515,4"
2016-02-29 00:00:00,"20,57","14.304,8"
2016-02-29 01:00:00,"18,19","13.271,3"
2016-02-29 02:00:00,"17,60","12.770,7"
2016-02-29 03:00:00,"17,00","10.999,6"
2016-02-29 04:00:00,"17,01","11.023,2"
2016-02-29 05:00:00,"19,02","11.980,3"
2016-02-29 06:00:00,"28,23","13.332,0"
2016-02-29 07:00:00,"35,05","13.972,5"
2016-02-29 08:00:00,"33,31","13.725,4"
2016-02-29 09:00:00,"31,58","14.094,3"
2016-02-29 10:00:00,"31,05","14.088,5"
2016-02-29 11:00:00,"30,61","14.741,4"
2016-02-29 12:00:00,"28,06","14.904,0"
2016-02-29 13:00:00,"24,68","14.610,9"
2016-02-29 14:00:00,"22,76","13.951,2"
2016-02-29 15:00:00,"22,78","13.694,9"
2016-02-29 16:00:00,"23,40","13.901,9"
2016-02-29 17:00:00,"26,58","14.493,0"
2016-02-29 18:00:00,"34,03","13.403,0"
2016-02-29 19:00:00,"42,78","13.619,5"
2016-02-29 20:00:00,"40,00","14.439,0"
2016-02-29 21:00:00,"36,71","13.951,3"
2016-02-29 22:00:00,"33,07","11.426,0"
2016-02-29 23:00:00,"32,00","11.439,8"
2016-03-01 00:00:00,"25,81","10.977,7"
2016-03-01 01:00:00,"22,46","10.741,3"
2016-03-01 02:00:00,"25,00","10.520,5"
2016-03-01 03:00:00,"25,00","10.247,3"
2016-03-01 04:00:00,"25,00","10.097,8"
2016-03-01 05:00:00,"24,14","10.901,1"
2016-03-01 06:00:00,"34,73","11.578,3"
2016-03-01 07:00:00,"37,99","13.012,3"
2016-03-01 08:00:00,"41,16","12.980,1"
2016-03-01 09:00:00,"41,76","13.138,7"
2016-03-01 10:00:00,"37,99","13.607,8"
2016-03-01 11:00:00,"35,96","14.082,0"
2016-03-01 12:00:00,"33,16","13.966,4"
2016-03-01 13:00:00,"33,00","13.601,5"
2016-03-01 14:00:00,"30,35","13.611,2"
2016-03-01 15:00:00,"29,39","13.152,9"
2016-03-01 16:00:00,"26,48","13.486,7"
2016-03-01 17:00:00,"26,95","14.487,3"
2016-03-01 18:00:00,"31,75","14.135,3"
2016-03-01 19:00:00,"37,24","14.754,6"
2016-03-01 20:00:00,"37,24","14.923,4"
2016-03-01 21:00:00,"33,79","14.749,9"
2016-03-01 22:00:00,"30,75","13.425,0"
2016-03-01 23:00:00,"23,05","11.844,1"
